duration,emissions,emissions_rate,cpu_power,ram_power,cpu_energy,ram_energy,energy_consumed
31.359048604965153,2.22305578231318e-06,7.511438720334712e-05,5475.0,6570.0,4.3403129445181954e-05,5.1776206493377695e-05,9.517933593855965e-05
